[
  {
    "env": "development",
    "language": "en",
    "projectId": "chitchat-OvJWh0lX4",
    "text": "janellerae104@gmail.com",
    "__v": 0,
    "confidence": 0.9999874234199524,
    "conversation_id": "0c87fd37a0a5447f93ef1846db0935c7",
    "createdAt": "2021-09-19T04:55:10.616Z",
    "entities": [
      {
        "processors": [],
        "_id": "6146c2b0db8fad44b620609b",
        "entity": "Email",
        "start": 0,
        "end": 23,
        "value": "janellerae104@gmail.com",
        "extractor": "DIETClassifier"
      },
      {
        "processors": [],
        "_id": "6146c2b0db8fad203320609c",
        "start": 0,
        "end": 23,
        "value": "janellerae104@gmail.com",
        "confidence": 1,
        "entity": "email",
        "extractor": "DucklingEntityExtractor"
      }
    ],
    "intent": "cyber.email_response",
    "message_id": "cbe3bbc7448d4541bb5ae9f93befd419",
    "updatedAt": "2021-09-19T04:55:12.590Z"
  },
  {
    "env": "development",
    "language": "en",
    "projectId": "chitchat-OvJWh0lX4",
    "text": "anti forensics",
    "__v": 0,
    "confidence": 0.7411201000213623,
    "conversation_id": "2c1cc1a7c1a246f1b8fb9aa6da31d187",
    "createdAt": "2021-09-19T00:13:02.285Z",
    "entities": [],
    "intent": "chitchat.thank_you",
    "message_id": "a7fb67150ee74d39ad4fc316559642d3",
    "updatedAt": "2021-09-19T00:13:02.339Z"
  },
  {
    "env": "development",
    "language": "en",
    "projectId": "chitchat-OvJWh0lX4",
    "text": "hello",
    "__v": 0,
    "confidence": 0.9999935626983643,
    "conversation_id": "2c1cc1a7c1a246f1b8fb9aa6da31d187",
    "createdAt": "2021-09-19T00:12:54.865Z",
    "entities": [],
    "intent": "chitchat.greet",
    "message_id": "a14aaefa3ad045109e0ec62aea63f312",
    "updatedAt": "2021-09-19T00:12:54.915Z"
  },
  {
    "env": "development",
    "language": "en",
    "projectId": "chitchat-OvJWh0lX4",
    "text": "re",
    "__v": 0,
    "confidence": 0.8250863552093506,
    "conversation_id": "2c1cc1a7c1a246f1b8fb9aa6da31d187",
    "createdAt": "2021-09-19T00:12:52.064Z",
    "entities": [],
    "intent": "chitchat.are_you_a_robot",
    "message_id": "14b7c1becbf64ed18968754356dc3655",
    "updatedAt": "2021-09-19T00:12:52.116Z"
  },
  {
    "env": "development",
    "language": "en",
    "projectId": "chitchat-OvJWh0lX4",
    "text": "d",
    "__v": 0,
    "confidence": 0.2886539101600647,
    "conversation_id": "2c1cc1a7c1a246f1b8fb9aa6da31d187",
    "createdAt": "2021-09-19T00:12:51.775Z",
    "entities": [],
    "intent": "chitchat.tell_me_a_joke",
    "message_id": "6a64e912f5914b80a74ba8db589633a6",
    "updatedAt": "2021-09-19T00:12:51.822Z"
  },
  {
    "env": "development",
    "language": "en",
    "projectId": "chitchat-OvJWh0lX4",
    "text": "g",
    "__v": 0,
    "confidence": 0.22800132632255554,
    "conversation_id": "2c1cc1a7c1a246f1b8fb9aa6da31d187",
    "createdAt": "2021-09-19T00:12:51.514Z",
    "entities": [],
    "intent": "chitchat.how_are_you",
    "message_id": "840345a831ca4259b5b4431ca25ce421",
    "updatedAt": "2021-09-19T00:12:51.555Z"
  },
  {
    "env": "development",
    "language": "en",
    "projectId": "chitchat-OvJWh0lX4",
    "text": "dw",
    "__v": 0,
    "confidence": 0.360688716173172,
    "conversation_id": "2c1cc1a7c1a246f1b8fb9aa6da31d187",
    "createdAt": "2021-09-19T00:12:51.033Z",
    "entities": [],
    "intent": "basics.yes",
    "message_id": "5dcecdd092244647add24982d5d1c7e2",
    "updatedAt": "2021-09-19T00:12:51.073Z"
  },
  {
    "env": "development",
    "language": "en",
    "projectId": "chitchat-OvJWh0lX4",
    "text": "dwa",
    "__v": 0,
    "confidence": 0.2577383518218994,
    "conversation_id": "2c1cc1a7c1a246f1b8fb9aa6da31d187",
    "createdAt": "2021-09-19T00:12:50.053Z",
    "entities": [],
    "intent": "chitchat.tell_me_a_joke",
    "message_id": "555cddef1da74eb88b5506232c140184",
    "updatedAt": "2021-09-19T00:12:50.093Z"
  },
  {
    "env": "development",
    "language": "en",
    "projectId": "chitchat-OvJWh0lX4",
    "text": "anti forensics mac",
    "__v": 0,
    "confidence": 0.5294594168663025,
    "conversation_id": "2c1cc1a7c1a246f1b8fb9aa6da31d187",
    "createdAt": "2021-09-19T00:12:47.837Z",
    "entities": [],
    "intent": "chitchat.thank_you",
    "message_id": "9fc41b3f88a449f685144512bd142c53",
    "updatedAt": "2021-09-19T00:12:47.870Z"
  },
  {
    "env": "development",
    "language": "en",
    "projectId": "chitchat-OvJWh0lX4",
    "text": "20211147@schscougars.org",
    "__v": 0,
    "confidence": 0.5879685282707214,
    "conversation_id": "912d6bc4d99444ba927beaefa732efe6",
    "createdAt": "2021-09-19T00:11:13.088Z",
    "entities": [
      {
        "processors": [],
        "_id": "61468021db8fad41a3206098",
        "start": 0,
        "end": 24,
        "value": "20211147@schscougars.org",
        "confidence": 1,
        "entity": "email",
        "extractor": "DucklingEntityExtractor"
      }
    ],
    "intent": "cyber.recon.ip_check",
    "message_id": "5295860e1596477d99a2cd2fc1bf4d62",
    "updatedAt": "2021-09-19T00:11:13.132Z"
  },
  {
    "env": "development",
    "language": "en",
    "projectId": "chitchat-OvJWh0lX4",
    "text": "Time",
    "__v": 0,
    "confidence": 0.9843491315841675,
    "conversation_id": "e69ae4ad0a9144ebb0333bff1b944777",
    "createdAt": "2021-09-17T15:12:08.986Z",
    "entities": [],
    "intent": "chitchat.current_time",
    "message_id": "79cc3877843845878801be7d862f5fd8",
    "updatedAt": "2021-09-17T15:12:09.033Z"
  },
  {
    "env": "development",
    "language": "en",
    "projectId": "chitchat-OvJWh0lX4",
    "text": "Meme",
    "__v": 0,
    "confidence": 0.9932502508163452,
    "conversation_id": "e69ae4ad0a9144ebb0333bff1b944777",
    "createdAt": "2021-09-17T15:11:58.688Z",
    "entities": [],
    "intent": "chitchat.entertain",
    "message_id": "6edda0fbe7674c3bb49ffb1e62ac28ff",
    "updatedAt": "2021-09-17T15:11:58.728Z"
  },
  {
    "env": "development",
    "language": "en",
    "projectId": "chitchat-OvJWh0lX4",
    "text": "Home",
    "__v": 0,
    "confidence": 0.9954518675804138,
    "conversation_id": "e69ae4ad0a9144ebb0333bff1b944777",
    "createdAt": "2021-09-17T15:11:49.981Z",
    "entities": [],
    "intent": "chitchat.home",
    "message_id": "1581b8c76cc74dbc841c18681e9af562",
    "updatedAt": "2021-09-17T15:11:50.026Z"
  },
  {
    "env": "development",
    "language": "en",
    "projectId": "chitchat-OvJWh0lX4",
    "text": "tell me what you can do",
    "__v": 0,
    "confidence": 0.9927687644958496,
    "conversation_id": "3dc7e2d6aa874f35abe00426eb2e96db",
    "createdAt": "2021-09-15T19:50:55.196Z",
    "entities": [],
    "intent": "chitchat.what_is_your_purpose",
    "message_id": "dc9a67ec06c14bd0a638747b188093a8",
    "updatedAt": "2021-09-17T14:13:19.913Z",
    "ooS": null,
    "validated": false
  },
  {
    "language": "en",
    "projectId": "chitchat-OvJWh0lX4",
    "text": "Help",
    "__v": 0,
    "confidence": 0.9999933838844299,
    "createdAt": "2021-09-07T13:12:54.127Z",
    "entities": [],
    "intent": "chitchat.i_need_help",
    "updatedAt": "2021-09-17T14:13:19.912Z"
  },
  {
    "env": "development",
    "language": "en",
    "projectId": "chitchat-OvJWh0lX4",
    "text": "show me what you got",
    "__v": 0,
    "confidence": 0.32951533794403076,
    "conversation_id": "3dc7e2d6aa874f35abe00426eb2e96db",
    "createdAt": "2021-09-15T19:51:18.930Z",
    "entities": [],
    "intent": "chitchat.i_need_help",
    "message_id": "7eb89090336140d1b0d23d6cca786a95",
    "updatedAt": "2021-09-17T14:13:19.912Z"
  },
  {
    "env": "development",
    "language": "en",
    "projectId": "chitchat-OvJWh0lX4",
    "text": "time",
    "__v": 0,
    "confidence": 0.9842326641082764,
    "conversation_id": "e7d8d644c56446b9a1f4d014c9c040cc",
    "createdAt": "2021-09-16T08:28:54.673Z",
    "entities": [],
    "intent": "chitchat.current_time",
    "message_id": "a8ba81e65ffc45a2a079c626cebcb92e",
    "updatedAt": "2021-09-17T14:13:19.912Z"
  },
  {
    "env": "development",
    "language": "en",
    "projectId": "chitchat-OvJWh0lX4",
    "text": "What time is it?",
    "__v": 0,
    "confidence": 0.9997049570083618,
    "conversation_id": "9449cfde06394d77b4ba61ab14835b26",
    "createdAt": "2021-09-16T08:20:36.848Z",
    "entities": [],
    "intent": "chitchat.where_do_you_live",
    "message_id": "0fa16d91dff14df792f6356fe68accbf",
    "updatedAt": "2021-09-17T14:13:19.912Z"
  },
  {
    "env": "development",
    "language": "en",
    "projectId": "chitchat-OvJWh0lX4",
    "text": "what can you do?",
    "__v": 0,
    "confidence": 0.9994068741798401,
    "conversation_id": "3dc7e2d6aa874f35abe00426eb2e96db",
    "createdAt": "2021-09-15T19:50:31.147Z",
    "entities": [],
    "intent": "chitchat.what_is_your_purpose",
    "message_id": "f23a08d7c77c496a854ed861dcc3ba70",
    "updatedAt": "2021-09-17T14:13:19.687Z"
  },
  {
    "env": "development",
    "language": "en",
    "projectId": "chitchat-OvJWh0lX4",
    "text": "mine",
    "__v": 0,
    "confidence": 0.6574900150299072,
    "conversation_id": "3dc7e2d6aa874f35abe00426eb2e96db",
    "createdAt": "2021-09-15T19:50:09.017Z",
    "entities": [],
    "intent": "basics.no",
    "message_id": "a127fab7d4cb476db97cf69f776731d0",
    "updatedAt": "2021-09-17T14:13:19.687Z"
  },
  {
    "env": "development",
    "language": "en",
    "projectId": "chitchat-OvJWh0lX4",
    "text": "scan me",
    "__v": 0,
    "confidence": 0.975288987159729,
    "conversation_id": "3dc7e2d6aa874f35abe00426eb2e96db",
    "createdAt": "2021-09-15T19:49:58.017Z",
    "entities": [],
    "intent": "chitchat.i_need_help",
    "message_id": "3ee126af0d094f2db68b9bac457f6842",
    "updatedAt": "2021-09-17T14:13:19.687Z"
  },
  {
    "env": "development",
    "language": "en",
    "projectId": "chitchat-OvJWh0lX4",
    "text": "?",
    "__v": 0,
    "confidence": 0.9999927282333374,
    "conversation_id": "3dc7e2d6aa874f35abe00426eb2e96db",
    "createdAt": "2021-09-15T19:50:49.831Z",
    "entities": [],
    "intent": "chitchat.i_need_help",
    "message_id": "afbb96e7b4374b0f873240108d52f1f2",
    "updatedAt": "2021-09-17T14:13:19.687Z"
  },
  {
    "env": "development",
    "language": "en",
    "projectId": "chitchat-OvJWh0lX4",
    "text": "anton.misc@gmail.com",
    "__v": 0,
    "confidence": 0.9999961853027344,
    "conversation_id": "6fc2165117ea49819bb1d3db469a12d4",
    "createdAt": "2021-09-16T08:29:33.572Z",
    "entities": [
      {
        "processors": [],
        "_id": "6144a27f342b135b7940ea7b",
        "entity": "Email",
        "value": "anton.misc@gmail.com",
        "start": 0,
        "end": 20,
        "extractor": "DIETClassifier"
      }
    ],
    "intent": "cyber.email_response",
    "message_id": "3f60bc3ccf1f492d890f086c893ea79c",
    "updatedAt": "2021-09-17T14:13:19.686Z"
  },
  {
    "env": "development",
    "language": "en",
    "projectId": "chitchat-OvJWh0lX4",
    "text": "12.53.63.36",
    "__v": 0,
    "confidence": 0.9994637966156006,
    "conversation_id": "93aca542e3354269ad88aecf1e1da34d",
    "createdAt": "2021-09-16T08:31:33.532Z",
    "entities": [],
    "intent": "cyber.ip_address",
    "message_id": "4426cd76f48c483fa304e99343577282",
    "updatedAt": "2021-09-17T14:13:19.686Z"
  },
  {
    "env": "development",
    "language": "en",
    "projectId": "chitchat-OvJWh0lX4",
    "text": "horses",
    "__v": 0,
    "confidence": 0.8509007692337036,
    "conversation_id": "09ce67e02d214248878df8f4dcde4f2e",
    "createdAt": "2021-09-17T04:22:44.462Z",
    "entities": [],
    "intent": "basics.yes",
    "message_id": "4848c60698e4451ab427c29378b48d48",
    "updatedAt": "2021-09-17T14:13:19.685Z"
  },
  {
    "env": "development",
    "language": "en",
    "projectId": "chitchat-OvJWh0lX4",
    "text": "ip check",
    "__v": 0,
    "confidence": 0.9949916005134583,
    "conversation_id": "bceea69bc0284abb956b96653c77321b",
    "createdAt": "2021-09-16T08:35:17.843Z",
    "entities": [],
    "intent": "cyber.recon.ip_check",
    "message_id": "c0442752e91046ef81f2ecc995d91d54",
    "updatedAt": "2021-09-17T14:13:19.685Z"
  },
  {
    "env": "development",
    "language": "en",
    "projectId": "chitchat-OvJWh0lX4",
    "text": "124.25.24.13",
    "__v": 0,
    "confidence": 0.9994637966156006,
    "conversation_id": "13facb2ffc9642bd83679ef475c0c999",
    "createdAt": "2021-09-16T08:35:56.049Z",
    "entities": [],
    "intent": "cyber.ip_address",
    "message_id": "2802bfbf69a3477da3ae7cde39925e70",
    "updatedAt": "2021-09-17T14:13:19.685Z"
  },
  {
    "env": "development",
    "language": "en",
    "projectId": "chitchat-OvJWh0lX4",
    "text": "go back",
    "__v": 0,
    "confidence": 0.9984253644943237,
    "conversation_id": "0166135ae3c84fbf9c9fe07c3713b6e3",
    "createdAt": "2021-09-17T04:28:15.241Z",
    "entities": [],
    "intent": "chitchat.bye",
    "message_id": "cffce99b651642f296bd186ee64ef725",
    "updatedAt": "2021-09-17T14:13:19.685Z"
  },
  {
    "env": "development",
    "language": "en",
    "projectId": "chitchat-OvJWh0lX4",
    "text": "hi",
    "__v": 0,
    "confidence": 0.9999966621398926,
    "conversation_id": "a2907a4559b042a6ad1e58ae2c2a9fa6",
    "createdAt": "2021-09-17T05:15:21.089Z",
    "entities": [],
    "intent": "chitchat.greet",
    "message_id": "eb7d6435782d40dab30768c745fe2d2d",
    "updatedAt": "2021-09-17T14:13:19.684Z"
  },
  {
    "env": "development",
    "language": "en",
    "projectId": "chitchat-OvJWh0lX4",
    "text": "aricot",
    "__v": 0,
    "confidence": 0.878732442855835,
    "conversation_id": "a3d13ee386c949f59aead07d8088d9a4",
    "createdAt": "2021-09-17T05:28:57.243Z",
    "entities": [],
    "intent": "chitchat.are_you_a_robot",
    "message_id": "d2be70aec87c4f58b06045ee968500fa",
    "updatedAt": "2021-09-17T14:13:19.684Z"
  },
  {
    "env": "development",
    "language": "en",
    "projectId": "chitchat-OvJWh0lX4",
    "text": "john",
    "__v": 0,
    "confidence": 0.5791134834289551,
    "conversation_id": "a3d13ee386c949f59aead07d8088d9a4",
    "createdAt": "2021-09-17T05:29:17.216Z",
    "entities": [],
    "intent": "chitchat.are_you_a_robot",
    "message_id": "c22dfdc289e8422bb0b0f8b88c631e47",
    "updatedAt": "2021-09-17T14:13:19.684Z"
  },
  {
    "env": "development",
    "language": "en",
    "projectId": "chitchat-OvJWh0lX4",
    "text": "arcot",
    "__v": 0,
    "confidence": 0.9083816409111023,
    "conversation_id": "9163ba583c4e440b955b4d30e99308ea",
    "createdAt": "2021-09-17T05:29:25.011Z",
    "entities": [],
    "intent": "chitchat.are_you_a_robot",
    "message_id": "7036f5947e6145b983e54fee328065cd",
    "updatedAt": "2021-09-17T14:13:19.684Z"
  },
  {
    "env": "development",
    "language": "en",
    "projectId": "chitchat-OvJWh0lX4",
    "text": "preston@zen.com",
    "__v": 0,
    "confidence": 0.9968857765197754,
    "conversation_id": "9163ba583c4e440b955b4d30e99308ea",
    "createdAt": "2021-09-17T05:29:34.171Z",
    "entities": [],
    "intent": "cyber.email_response",
    "message_id": "a3b2597f80a945ca95c679e4bde5a354",
    "updatedAt": "2021-09-17T14:13:19.683Z"
  },
  {
    "env": "development",
    "language": "en",
    "projectId": "chitchat-OvJWh0lX4",
    "text": "Apricot",
    "__v": 0,
    "confidence": 0.8204770684242249,
    "conversation_id": "289669be78374d05abcd7de9e3bbe665",
    "createdAt": "2021-09-17T06:06:57.422Z",
    "entities": [],
    "intent": "chitchat.are_you_a_robot",
    "message_id": "e65a6a2959c5441ebdca700c55ee9157",
    "updatedAt": "2021-09-17T14:13:19.683Z"
  },
  {
    "env": "development",
    "language": "en",
    "projectId": "chitchat-OvJWh0lX4",
    "text": "test@mail.com",
    "__v": 0,
    "confidence": 0.9999973773956299,
    "conversation_id": "1225e1ffea9e46afacdf7aa2afbc6818",
    "createdAt": "2021-09-17T05:59:17.069Z",
    "entities": [
      {
        "processors": [],
        "_id": "6144a27f342b13483540ea7a",
        "entity": "Email",
        "value": "test@mail.com",
        "start": 0,
        "end": 13,
        "extractor": "DIETClassifier"
      }
    ],
    "intent": "cyber.email_response",
    "message_id": "b696d83785234948b7bcd608bcce45ec",
    "updatedAt": "2021-09-17T14:13:19.683Z"
  },
  {
    "env": "development",
    "language": "en",
    "projectId": "chitchat-OvJWh0lX4",
    "text": "Apricto",
    "__v": 0,
    "confidence": 0.3756639361381531,
    "conversation_id": "7986cf99614e428f8195f1e81551d1e8",
    "createdAt": "2021-09-17T06:04:36.223Z",
    "entities": [],
    "intent": "chitchat.entertain",
    "message_id": "98e975b7e5e44fc48af3bff0022fa4f4",
    "updatedAt": "2021-09-17T14:13:19.683Z"
  },
  {
    "env": "development",
    "language": "en",
    "projectId": "chitchat-OvJWh0lX4",
    "text": "leoultrapultra@yahoo.com",
    "__v": 0,
    "confidence": 0.9999938011169434,
    "conversation_id": "85fc1a25b2c44fe48015617f91d8902e",
    "createdAt": "2021-09-17T13:32:05.732Z",
    "entities": [],
    "intent": "cyber.email_response",
    "message_id": "80d0cad2268346aebea8a3fdd38427a8",
    "updatedAt": "2021-09-17T14:13:19.682Z"
  },
  {
    "env": "development",
    "language": "en",
    "projectId": "chitchat-OvJWh0lX4",
    "text": "apricot",
    "__v": 0,
    "confidence": 0.7598525285720825,
    "conversation_id": "9b21c73aa91947a9b141c35f878e80ee",
    "createdAt": "2021-09-17T06:15:30.850Z",
    "entities": [],
    "intent": "chitchat.are_you_a_robot",
    "message_id": "5765ff77a1c64f2780ba21f1c1361280",
    "updatedAt": "2021-09-17T14:13:19.682Z",
    "ooS": null,
    "validated": false
  },
  {
    "env": "development",
    "language": "en",
    "projectId": "chitchat-OvJWh0lX4",
    "text": "aztecprincess92054@yahoo.com",
    "__v": 0,
    "confidence": 0.9999839067459106,
    "conversation_id": "9b21c73aa91947a9b141c35f878e80ee",
    "createdAt": "2021-09-17T06:15:33.850Z",
    "entities": [],
    "intent": "cyber.email_response",
    "message_id": "f635a97f0c734c19b400b3f66679fe2b",
    "updatedAt": "2021-09-17T14:13:19.682Z"
  },
  {
    "env": "development",
    "language": "en",
    "projectId": "chitchat-OvJWh0lX4",
    "text": "horses@gmail.com",
    "__v": 0,
    "confidence": 0.9999977946281433,
    "conversation_id": "5a935eb2e640494684114a8112d1df42",
    "createdAt": "2021-09-17T06:09:25.299Z",
    "entities": [
      {
        "processors": [],
        "_id": "6144a27f342b13254940ea79",
        "entity": "Email",
        "value": "horses@gmail.com",
        "start": 0,
        "end": 16,
        "extractor": "DIETClassifier"
      }
    ],
    "intent": "cyber.email_response",
    "message_id": "79a7cd1ec5984781b82c38df39cb205c",
    "updatedAt": "2021-09-17T14:13:19.682Z"
  },
  {
    "env": "development",
    "language": "en",
    "projectId": "chitchat-OvJWh0lX4",
    "text": "hack",
    "__v": 0,
    "confidence": 0.9407453536987305,
    "conversation_id": "4664b3b4d52d419ea0c0c51ddbe0d4df",
    "createdAt": "2021-09-10T10:15:01.344Z",
    "entities": [],
    "intent": "cyber.leak_database_check",
    "message_id": "89677212c9e8464fbb4dd3ac20a6acc6",
    "updatedAt": "2021-09-17T14:13:19.623Z"
  },
  {
    "env": "development",
    "language": "en",
    "projectId": "chitchat-OvJWh0lX4",
    "text": "check",
    "__v": 0,
    "confidence": 0.8918967247009277,
    "conversation_id": "f06957c4572d4856838444a46917502b",
    "createdAt": "2021-09-10T09:55:10.004Z",
    "entities": [],
    "intent": "cyber.leak_database_check",
    "message_id": "9b8bba23ced54c1fa691f1eae20b5910",
    "updatedAt": "2021-09-17T14:13:19.623Z"
  },
  {
    "env": "development",
    "language": "en",
    "projectId": "chitchat-OvJWh0lX4",
    "text": "check email",
    "__v": 0,
    "confidence": 0.9997904896736145,
    "conversation_id": "f06957c4572d4856838444a46917502b",
    "createdAt": "2021-09-10T09:56:37.307Z",
    "entities": [],
    "intent": "cyber.leak_database_check",
    "message_id": "89bbc6b9a6e44ce597907eefbe88bec5",
    "updatedAt": "2021-09-17T14:13:19.623Z"
  },
  {
    "env": "development",
    "language": "en",
    "projectId": "chitchat-OvJWh0lX4",
    "text": "no thanks",
    "__v": 0,
    "confidence": 0.9992413520812988,
    "conversation_id": "f06957c4572d4856838444a46917502b",
    "createdAt": "2021-09-10T10:05:27.004Z",
    "entities": [],
    "intent": "basics.no",
    "message_id": "66ee4c8a5c814e10800220a9c7dd3030",
    "updatedAt": "2021-09-17T14:13:19.623Z"
  },
  {
    "env": "development",
    "language": "en",
    "projectId": "chitchat-OvJWh0lX4",
    "text": "i dont",
    "__v": 0,
    "confidence": 0.705000102519989,
    "conversation_id": "f06957c4572d4856838444a46917502b",
    "createdAt": "2021-09-10T10:05:32.836Z",
    "entities": [],
    "intent": "basics.yes",
    "message_id": "0763c74102ff4ed8a99e6f730e3d435f",
    "updatedAt": "2021-09-17T14:13:19.623Z"
  },
  {
    "env": "development",
    "language": "en",
    "projectId": "chitchat-OvJWh0lX4",
    "text": "check email leaks gaby_pinon@yahoo.com",
    "__v": 0,
    "confidence": 0.9788904190063477,
    "conversation_id": "f06957c4572d4856838444a46917502b",
    "createdAt": "2021-09-10T10:06:42.403Z",
    "entities": [
      {
        "processors": [],
        "_id": "6144a27f342b13414940ea78",
        "entity": "Email",
        "value": "gaby_pinon@yahoo.com",
        "start": 18,
        "end": 38,
        "extractor": "DIETClassifier"
      }
    ],
    "intent": "cyber.email_response",
    "message_id": "14dca6f7bb5e4fa7b59dab12098d3497",
    "updatedAt": "2021-09-17T14:13:19.623Z"
  },
  {
    "env": "development",
    "language": "en",
    "projectId": "chitchat-OvJWh0lX4",
    "text": "gaby_pinon@gmail.com",
    "__v": 0,
    "confidence": 0.9999984502792358,
    "conversation_id": "4664b3b4d52d419ea0c0c51ddbe0d4df",
    "createdAt": "2021-09-10T10:14:13.422Z",
    "entities": [
      {
        "processors": [],
        "_id": "6144a27f342b136ca140ea77",
        "entity": "Email",
        "value": "gaby_pinon@gmail.com",
        "start": 0,
        "end": 20,
        "extractor": "DIETClassifier"
      }
    ],
    "intent": "cyber.email_response",
    "message_id": "b340a2a8dd2e4d14ac7925bc392a370e",
    "updatedAt": "2021-09-17T14:13:19.623Z"
  },
  {
    "env": "development",
    "language": "en",
    "projectId": "chitchat-OvJWh0lX4",
    "text": "help",
    "__v": 0,
    "confidence": 0.9999952912330627,
    "conversation_id": "d31cd03f8b7f4037aa2c24fb1f1ff663",
    "createdAt": "2021-09-15T06:16:16.610Z",
    "entities": [],
    "intent": "chitchat.i_need_help",
    "message_id": "83467804f4364e31b319851af2a69c19",
    "updatedAt": "2021-09-17T14:13:19.623Z"
  },
  {
    "env": "development",
    "language": "en",
    "projectId": "chitchat-OvJWh0lX4",
    "text": "172.124.63.4",
    "__v": 0,
    "confidence": 0.9994637966156006,
    "conversation_id": "559536be2341425eb2886ab8c14a7e54",
    "createdAt": "2021-09-15T06:20:57.932Z",
    "entities": [],
    "intent": "cyber.ip_address",
    "message_id": "23909bd10d184712ae87208844eb3447",
    "updatedAt": "2021-09-17T14:13:19.623Z"
  },
  {
    "env": "development",
    "language": "en",
    "projectId": "chitchat-OvJWh0lX4",
    "text": "What is your name?",
    "__v": 0,
    "confidence": 0.939843475818634,
    "conversation_id": "9e8f271fb927498cb24bf3c3345f1bd4",
    "createdAt": "2021-09-09T05:01:05.500Z",
    "entities": [],
    "intent": "chitchat.who_I_am",
    "message_id": "bde44bc5be4647198dfb96855e708abd",
    "updatedAt": "2021-09-17T14:13:18.253Z"
  },
  {
    "env": "development",
    "language": "en",
    "projectId": "chitchat-OvJWh0lX4",
    "text": "Where you born?",
    "__v": 0,
    "confidence": 0.9996451735496521,
    "conversation_id": "9e8f271fb927498cb24bf3c3345f1bd4",
    "createdAt": "2021-09-09T05:01:14.332Z",
    "entities": [],
    "intent": "chitchat.where_were_you_born",
    "message_id": "e7a1bdf40587496eb6f632e5df28dd09",
    "updatedAt": "2021-09-17T14:13:18.252Z"
  },
  {
    "env": "development",
    "language": "en",
    "projectId": "chitchat-OvJWh0lX4",
    "text": "check leaks",
    "__v": 0,
    "confidence": 0.9943746328353882,
    "conversation_id": "f06957c4572d4856838444a46917502b",
    "createdAt": "2021-09-10T09:54:53.295Z",
    "entities": [],
    "intent": "cyber.leak_database_check",
    "message_id": "2a59bfbeeb37459a995145010ee0bc7b",
    "updatedAt": "2021-09-17T14:13:18.252Z"
  },
  {
    "env": "development",
    "language": "en",
    "projectId": "chitchat-OvJWh0lX4",
    "text": "scan",
    "__v": 0,
    "confidence": 0.6258522272109985,
    "conversation_id": "3dc7e2d6aa874f35abe00426eb2e96db",
    "createdAt": "2021-09-15T19:49:48.407Z",
    "entities": [],
    "intent": "basics.no",
    "message_id": "6211c75ce19f41c5b72013e47378da01",
    "updatedAt": "2021-09-17T14:02:22.830Z"
  },
  {
    "env": "development",
    "language": "en",
    "projectId": "chitchat-OvJWh0lX4",
    "text": "leoultrapuktra@yahoo.com",
    "__v": 0,
    "confidence": 0.9999595284461975,
    "conversation_id": "f2af0a0b23cf440b865386e5fb43b187",
    "createdAt": "2021-09-08T11:38:52.316Z",
    "entities": [
      {
        "processors": [],
        "_id": "61441c7069b6a8f8375e3afd",
        "entity": "Email",
        "value": "leoultrapuktra@yahoo.com",
        "start": 0,
        "end": 24,
        "extractor": "DIETClassifier"
      }
    ],
    "intent": "cyber.email_response",
    "message_id": "d4043ff76d5c4e97b24649a90115da9b",
    "updatedAt": "2021-09-17T04:41:20.746Z"
  },
  {
    "env": "development",
    "language": "en",
    "projectId": "chitchat-OvJWh0lX4",
    "text": "the email is leoultrapultra!yahoo.com",
    "__v": 0,
    "confidence": 0.9999138116836548,
    "conversation_id": "0327ee45fcc04ba397e02b3ce80acfd5",
    "createdAt": "2021-09-08T11:39:51.358Z",
    "entities": [
      {
        "processors": [],
        "_id": "61441c7069b6a85d525e3afc",
        "entity": "Email",
        "value": "leoultrapultra!yahoo.com",
        "start": 13,
        "end": 37,
        "extractor": "DIETClassifier"
      }
    ],
    "intent": "cyber.email_response",
    "message_id": "096ecb42020949789a31fc601e6b215a",
    "updatedAt": "2021-09-17T04:41:20.745Z"
  },
  {
    "env": "development",
    "language": "en",
    "projectId": "chitchat-OvJWh0lX4",
    "text": "test@gmail.com",
    "__v": 0,
    "confidence": 0.9999731779098511,
    "conversation_id": "b685a46738604748a95b182fa1fe8b4f",
    "createdAt": "2021-09-08T11:11:32.338Z",
    "entities": [
      {
        "processors": [],
        "_id": "61441c7069b6a815825e3afb",
        "entity": "Email",
        "value": "test@gmail.com",
        "start": 0,
        "end": 14,
        "extractor": "DIETClassifier"
      }
    ],
    "intent": "cyber.email_response",
    "message_id": "3805a033a3e64f4ba06f0849c8fb7df6",
    "updatedAt": "2021-09-17T04:41:20.466Z"
  },
  {
    "env": "development",
    "language": "en",
    "projectId": "chitchat-OvJWh0lX4",
    "text": "johnsmith@gmail.com",
    "__v": 0,
    "confidence": 0.9999719858169556,
    "conversation_id": "c46fe513de0a4c75b2a046e96c32feab",
    "createdAt": "2021-09-08T11:12:43.234Z",
    "entities": [
      {
        "processors": [],
        "_id": "61441c7069b6a8269b5e3afa",
        "entity": "Email",
        "value": "johnsmith@gmail.com",
        "start": 0,
        "end": 19,
        "extractor": "DIETClassifier"
      }
    ],
    "intent": "cyber.email_response",
    "message_id": "0b7fad29ab1b4c1091f31479c52c7e17",
    "updatedAt": "2021-09-17T04:41:20.465Z"
  },
  {
    "env": "development",
    "language": "en",
    "projectId": "chitchat-OvJWh0lX4",
    "text": "johnsmith1@gmail.com",
    "__v": 0,
    "confidence": 0.9999719858169556,
    "conversation_id": "84b639407a264c36818acf097569e085",
    "createdAt": "2021-09-08T11:28:19.420Z",
    "entities": [
      {
        "processors": [],
        "_id": "61441c7069b6a893ff5e3af9",
        "entity": "Email",
        "value": "johnsmith1@gmail.com",
        "start": 0,
        "end": 20,
        "extractor": "DIETClassifier"
      }
    ],
    "intent": "cyber.email_response",
    "message_id": "dfc88e471e544c3dbe1e375bf5a03f8d",
    "updatedAt": "2021-09-17T04:41:20.465Z"
  },
  {
    "env": "development",
    "language": "en",
    "projectId": "chitchat-OvJWh0lX4",
    "text": "check ip",
    "__v": 0,
    "confidence": 0.9935970902442932,
    "conversation_id": "f2af0a0b23cf440b865386e5fb43b187",
    "createdAt": "2021-09-08T11:37:01.407Z",
    "entities": [],
    "intent": "cyber.recon.ip_check",
    "message_id": "6190470d09f34e5eabbeb0d053ddec7d",
    "updatedAt": "2021-09-17T04:41:20.465Z",
    "ooS": null,
    "validated": false
  },
  {
    "env": "development",
    "language": "en",
    "projectId": "chitchat-OvJWh0lX4",
    "text": "Check for leaks",
    "__v": 0,
    "confidence": 0.9955884218215942,
    "conversation_id": "bff1fd23ad104d8399005419841ba29c",
    "createdAt": "2021-09-08T11:06:34.011Z",
    "entities": [],
    "intent": "cyber.leak_database_check",
    "message_id": "4c271b3770c64ce3a6d27d709f3a8a55",
    "updatedAt": "2021-09-17T04:41:20.211Z"
  },
  {
    "env": "development",
    "language": "en",
    "projectId": "chitchat-OvJWh0lX4",
    "text": "*@gmail.com",
    "__v": 0,
    "confidence": 0.9999302625656128,
    "conversation_id": "bff1fd23ad104d8399005419841ba29c",
    "createdAt": "2021-09-08T11:06:45.937Z",
    "entities": [
      {
        "processors": [],
        "_id": "61441c7069b6a8ca055e3af6",
        "entity": "Email",
        "value": "@gmail.com",
        "start": 1,
        "end": 11,
        "extractor": "DIETClassifier"
      }
    ],
    "intent": "cyber.email_response",
    "message_id": "2fcdc6f7b53548a2a503773538fb471b",
    "updatedAt": "2021-09-17T04:41:20.211Z"
  },
  {
    "env": "development",
    "language": "en",
    "projectId": "chitchat-OvJWh0lX4",
    "text": "Leoultrapultra@yahoo.com",
    "__v": 0,
    "confidence": 0.9999628067016602,
    "conversation_id": "70499f32d71f4599b1038b58dc576d1a",
    "createdAt": "2021-09-08T11:55:11.617Z",
    "entities": [
      {
        "processors": [],
        "_id": "61441c7069b6a858c85e3af0",
        "entity": "Email",
        "value": "Leoultrapultra@yahoo.com",
        "start": 0,
        "end": 24,
        "extractor": "DIETClassifier"
      }
    ],
    "intent": "cyber.email_response",
    "message_id": "61580b374730401aaba6bd35e30baada",
    "updatedAt": "2021-09-17T04:41:20.206Z"
  },
  {
    "env": "development",
    "language": "en",
    "projectId": "chitchat-OvJWh0lX4",
    "text": "test123456",
    "__v": 0,
    "confidence": 0.281257688999176,
    "conversation_id": "c01bfaff12bc457bbffb3951d0cc408d",
    "createdAt": "2021-09-08T12:03:58.400Z",
    "entities": [],
    "intent": "basics.time",
    "message_id": "11bafc78017c44b4b3aa05c0d08209f9",
    "updatedAt": "2021-09-17T04:41:20.206Z"
  },
  {
    "env": "development",
    "language": "en",
    "projectId": "chitchat-OvJWh0lX4",
    "text": "test123456@mail.com",
    "__v": 0,
    "confidence": 0.9994828701019287,
    "conversation_id": "c01bfaff12bc457bbffb3951d0cc408d",
    "createdAt": "2021-09-08T12:04:30.064Z",
    "entities": [],
    "intent": "cyber.email_response",
    "message_id": "9b12162b0eef4436b8f52b62d0fd2622",
    "updatedAt": "2021-09-17T04:41:20.205Z"
  },
  {
    "env": "development",
    "language": "en",
    "projectId": "chitchat-OvJWh0lX4",
    "text": "tell me about yourself",
    "__v": 0,
    "confidence": 0.8722655177116394,
    "conversation_id": "8162bb3770304c498d9b3a8dbdac498b",
    "createdAt": "2021-09-09T04:12:58.779Z",
    "entities": [],
    "intent": "chitchat.i_am_angry",
    "message_id": "5044e313d2ed41049985badde027d558",
    "updatedAt": "2021-09-17T04:41:20.204Z"
  },
  {
    "env": "development",
    "language": "en",
    "projectId": "chitchat-OvJWh0lX4",
    "text": "Please help me",
    "__v": 0,
    "confidence": 0.999986469745636,
    "conversation_id": "205cfa338ec34f4f881f5720b491ec3d",
    "createdAt": "2021-09-08T11:05:36.605Z",
    "entities": [],
    "intent": "chitchat.i_need_help",
    "message_id": "291d27f7f4c9475f89b067d4be9ef116",
    "updatedAt": "2021-09-17T04:41:19.695Z"
  },
  {
    "env": "development",
    "language": "en",
    "projectId": "chitchat-OvJWh0lX4",
    "text": "Hello",
    "__v": 0,
    "confidence": 0.9999969005584717,
    "conversation_id": "9cf89360d6b3443cb7bbac5686ee6b88",
    "createdAt": "2021-09-08T11:05:51.012Z",
    "entities": [],
    "intent": "chitchat.greet",
    "message_id": "b8719833468f473387d8cea29a8ce0e8",
    "updatedAt": "2021-09-17T04:41:19.694Z"
  },
  {
    "env": "development",
    "language": "en",
    "projectId": "chitchat-OvJWh0lX4",
    "text": "Restart",
    "__v": 0,
    "confidence": 0.9999017119407654,
    "conversation_id": "9cf89360d6b3443cb7bbac5686ee6b88",
    "createdAt": "2021-09-08T11:05:57.782Z",
    "entities": [],
    "intent": "basics.stop_or_cancel",
    "message_id": "33ee03625b844bc79bf9149bc5a75d7f",
    "updatedAt": "2021-09-17T04:41:19.694Z"
  },
  {
    "env": "development",
    "language": "en",
    "projectId": "chitchat-OvJWh0lX4",
    "text": "Leak",
    "__v": 0,
    "confidence": 0.4794374108314514,
    "conversation_id": "bff1fd23ad104d8399005419841ba29c",
    "createdAt": "2021-09-08T11:06:23.929Z",
    "entities": [],
    "intent": "cyber.leak_database_check",
    "message_id": "a2000ec88722417c8a94166abb148783",
    "updatedAt": "2021-09-17T04:41:19.694Z"
  },
  {
    "env": "development",
    "language": "en",
    "projectId": "chitchat-OvJWh0lX4",
    "text": "tell me more",
    "__v": 0,
    "confidence": 0.6363378167152405,
    "conversation_id": "8162bb3770304c498d9b3a8dbdac498b",
    "createdAt": "2021-09-09T04:13:14.797Z",
    "entities": [],
    "intent": "chitchat.tell_me_a_joke",
    "message_id": "b414d822b55a4caa9a61bef408c3ab6d",
    "updatedAt": "2021-09-17T04:41:18.913Z"
  },
  {
    "env": "development",
    "language": "en",
    "projectId": "chitchat-OvJWh0lX4",
    "text": "what else",
    "__v": 0,
    "confidence": 0.7003389596939087,
    "conversation_id": "d5fd60e6fad7463b9da09deb6006185b",
    "createdAt": "2021-09-09T04:37:18.792Z",
    "entities": [],
    "intent": "chitchat.what_is_your_purpose",
    "message_id": "bdfce44cce6d4e048cbbd38c78a8e6af",
    "updatedAt": "2021-09-17T04:41:18.912Z"
  },
  {
    "env": "development",
    "language": "en",
    "projectId": "chitchat-OvJWh0lX4",
    "text": "you keep saying the same things over and over again",
    "__v": 0,
    "confidence": 0.5214999914169312,
    "conversation_id": "8162bb3770304c498d9b3a8dbdac498b",
    "createdAt": "2021-09-09T04:13:24.119Z",
    "entities": [],
    "intent": "chitchat.i_need_help",
    "message_id": "3724e5bce8e04bb791efa81d67da24a7",
    "updatedAt": "2021-09-17T04:41:18.912Z"
  },
  {
    "env": "development",
    "language": "en",
    "projectId": "chitchat-OvJWh0lX4",
    "text": "entertain me",
    "__v": 0,
    "confidence": 0.9818667769432068,
    "conversation_id": "8162bb3770304c498d9b3a8dbdac498b",
    "createdAt": "2021-09-09T04:13:38.510Z",
    "entities": [],
    "intent": "chitchat.entertain",
    "message_id": "3f6d8f13effe4d17a18306edae7d62de",
    "updatedAt": "2021-09-17T04:41:18.912Z"
  },
  {
    "env": "development",
    "language": "en",
    "projectId": "chitchat-OvJWh0lX4",
    "text": "roblox",
    "__v": 0,
    "confidence": 0.7823212146759033,
    "conversation_id": "d5fd60e6fad7463b9da09deb6006185b",
    "createdAt": "2021-09-09T04:37:07.726Z",
    "entities": [],
    "intent": "chitchat.are_you_a_robot",
    "message_id": "0b079870e4a7421da13fc32f3c0a0bab",
    "updatedAt": "2021-09-17T04:41:18.912Z"
  },
  {
    "env": "development",
    "language": "en",
    "projectId": "chitchat-OvJWh0lX4",
    "text": "what esle",
    "__v": 0,
    "confidence": 0.3933054804801941,
    "conversation_id": "d5fd60e6fad7463b9da09deb6006185b",
    "createdAt": "2021-09-09T04:37:15.539Z",
    "entities": [],
    "intent": "chitchat.what_is_your_purpose",
    "message_id": "f5393ad9464f487e9b4ed5d91bd9f51f",
    "updatedAt": "2021-09-17T04:41:18.912Z"
  },
  {
    "env": "development",
    "language": "en",
    "projectId": "chitchat-OvJWh0lX4",
    "text": "robolox",
    "__v": 0,
    "confidence": 0.9189373850822449,
    "conversation_id": "d5fd60e6fad7463b9da09deb6006185b",
    "createdAt": "2021-09-09T04:37:22.331Z",
    "entities": [],
    "intent": "chitchat.are_you_a_robot",
    "message_id": "c770f436c72143a5b831f15b2cf52d2c",
    "updatedAt": "2021-09-17T04:41:18.853Z"
  },
  {
    "env": "development",
    "language": "en",
    "projectId": "chitchat-OvJWh0lX4",
    "text": "yes",
    "__v": 0,
    "confidence": 0.999830961227417,
    "conversation_id": "d5fd60e6fad7463b9da09deb6006185b",
    "createdAt": "2021-09-09T04:37:23.850Z",
    "entities": [],
    "intent": "basics.yes",
    "message_id": "a7c8d41c62fd42c5a72aacb562ddcbc8",
    "updatedAt": "2021-09-17T04:41:17.464Z"
  },
  {
    "env": "development",
    "language": "en",
    "projectId": "chitchat-OvJWh0lX4",
    "text": "rberb",
    "__v": 0,
    "confidence": 0.3271455466747284,
    "conversation_id": "eed7e13fc0da4846ae894bba8431c300",
    "createdAt": "2021-09-15T06:22:19.090Z",
    "entities": [],
    "intent": "basics.time",
    "message_id": "cebd49ea57714b9783a188aabf6715e9",
    "updatedAt": "2021-09-17T04:41:09.916Z"
  },
  {
    "env": "development",
    "language": "en",
    "projectId": "chitchat-OvJWh0lX4",
    "text": "ntrn",
    "__v": 0,
    "confidence": 0.8511852025985718,
    "conversation_id": "eed7e13fc0da4846ae894bba8431c300",
    "createdAt": "2021-09-15T06:22:20.435Z",
    "entities": [],
    "intent": "basics.stop_or_cancel",
    "message_id": "3f370c84c6894e148975a7456778b74c",
    "updatedAt": "2021-09-17T04:41:09.915Z"
  },
  {
    "env": "development",
    "language": "en",
    "projectId": "chitchat-OvJWh0lX4",
    "text": "tnt",
    "__v": 0,
    "confidence": 0.7733935117721558,
    "conversation_id": "eed7e13fc0da4846ae894bba8431c300",
    "createdAt": "2021-09-15T06:22:21.781Z",
    "entities": [],
    "intent": "basics.yes",
    "message_id": "e76b903b979949f0a35bfed5cb5b274b",
    "updatedAt": "2021-09-17T04:41:08.342Z"
  },
  {
    "env": "development",
    "language": "en",
    "projectId": "chitchat-OvJWh0lX4",
    "text": "t",
    "__v": 0,
    "confidence": 0.33553221821784973,
    "conversation_id": "eed7e13fc0da4846ae894bba8431c300",
    "createdAt": "2021-09-15T06:22:21.896Z",
    "entities": [],
    "intent": "chitchat.lost",
    "message_id": "140ee1da9db448e1bdf3f260db58a70b",
    "updatedAt": "2021-09-17T04:41:08.342Z"
  },
  {
    "env": "development",
    "language": "en",
    "projectId": "chitchat-OvJWh0lX4",
    "text": "ok",
    "__v": 0,
    "confidence": 0.9997793436050415,
    "conversation_id": "8e8e254c83e8440ebbc4740c13e8dd5c",
    "createdAt": "2021-09-15T06:23:51.218Z",
    "entities": [],
    "intent": "basics.yes",
    "message_id": "ed583544299c4ee08e0996fcfc9305c5",
    "updatedAt": "2021-09-17T04:41:08.342Z"
  },
  {
    "env": "development",
    "language": "en",
    "projectId": "chitchat-OvJWh0lX4",
    "text": "Homr",
    "__v": 0,
    "confidence": 0.9605859518051147,
    "conversation_id": "2fb2c68f8aef44e9b2ffe15f33de047e",
    "createdAt": "2021-09-15T06:54:44.061Z",
    "entities": [],
    "intent": "chitchat.home",
    "message_id": "645e76eed0c2411b960fe07f9ad97dd2",
    "updatedAt": "2021-09-17T04:41:08.342Z"
  },
  {
    "env": "development",
    "language": "en",
    "projectId": "chitchat-OvJWh0lX4",
    "text": "home",
    "__v": 0,
    "confidence": 0.9958798885345459,
    "conversation_id": "a63777dd363e406e860bccdc0cd16fbf",
    "createdAt": "2021-09-15T07:04:58.244Z",
    "entities": [],
    "intent": "chitchat.home",
    "message_id": "3cfd633f96b241b7af340cc435751215",
    "updatedAt": "2021-09-17T04:41:08.338Z"
  },
  {
    "env": "development",
    "language": "en",
    "projectId": "chitchat-OvJWh0lX4",
    "text": "return",
    "__v": 0,
    "confidence": 0.3387511670589447,
    "conversation_id": "9e36a88950b346be8e0415c4555c1440",
    "createdAt": "2021-09-15T07:03:32.638Z",
    "entities": [],
    "intent": "basics.stop_or_cancel",
    "message_id": "8296edf33e0942e69709f82186f541fc",
    "updatedAt": "2021-09-17T04:41:08.338Z"
  },
  {
    "env": "development",
    "language": "en",
    "projectId": "chitchat-OvJWh0lX4",
    "text": "okay. then scan anyway",
    "__v": 0,
    "confidence": 0.6206724047660828,
    "conversation_id": "3dc7e2d6aa874f35abe00426eb2e96db",
    "createdAt": "2021-09-15T19:49:38.920Z",
    "entities": [],
    "intent": "chitchat.bye",
    "message_id": "accf3b627a394963b8a1064741476b6f",
    "updatedAt": "2021-09-17T04:41:08.338Z"
  },
  {
    "env": "development",
    "language": "en",
    "projectId": "chitchat-OvJWh0lX4",
    "text": "Help",
    "__v": 0,
    "confidence": 0.9999949336051941,
    "conversation_id": "48b1c38e6c274e6ea2fb0cc4aceb3ca6",
    "createdAt": "2021-09-16T08:46:48.357Z",
    "entities": [],
    "intent": "chitchat.i_need_help",
    "message_id": "8126523864754e42bc011a68e7170b06",
    "updatedAt": "2021-09-16T08:46:48.411Z"
  },
  {
    "env": "development",
    "language": "en",
    "projectId": "chitchat-OvJWh0lX4",
    "text": "rt",
    "__v": 0,
    "confidence": 0.4474228322505951,
    "conversation_id": "eed7e13fc0da4846ae894bba8431c300",
    "createdAt": "2021-09-15T06:22:20.939Z",
    "entities": [],
    "intent": "basics.yes",
    "message_id": "aa7e6f58ba4d4e72b4c88737d6fe4efb",
    "updatedAt": "2021-09-16T07:39:22.164Z"
  },
  {
    "env": "development",
    "language": "en",
    "projectId": "chitchat-OvJWh0lX4",
    "text": "gn",
    "__v": 0,
    "confidence": 0.7580088376998901,
    "conversation_id": "eed7e13fc0da4846ae894bba8431c300",
    "createdAt": "2021-09-15T06:22:21.363Z",
    "entities": [],
    "intent": "basics.yes",
    "message_id": "0ab061d4d8f1438fb83d1951eb4d87e4",
    "updatedAt": "2021-09-16T07:39:22.164Z"
  },
  {
    "env": "development",
    "language": "en",
    "projectId": "chitchat-OvJWh0lX4",
    "text": "I don't understand what you mean",
    "__v": 0,
    "confidence": 0.31858572363853455,
    "conversation_id": "205cfa338ec34f4f881f5720b491ec3d",
    "createdAt": "2021-09-08T11:05:04.154Z",
    "entities": [],
    "intent": "chitchat.what_is_your_occupation",
    "message_id": "a0cf5182c46d42878f293cba307892e2",
    "updatedAt": "2021-09-15T06:57:33.976Z"
  },
  {
    "env": "development",
    "language": "en",
    "projectId": "chitchat-OvJWh0lX4",
    "text": "Ok please help me",
    "__v": 0,
    "confidence": 0.999940037727356,
    "conversation_id": "205cfa338ec34f4f881f5720b491ec3d",
    "createdAt": "2021-09-08T11:05:10.722Z",
    "entities": [],
    "intent": "chitchat.i_need_help",
    "message_id": "a302b5628e54405398516752048f46d5",
    "updatedAt": "2021-09-15T06:57:33.975Z"
  },
  {
    "env": "development",
    "language": "en",
    "projectId": "chitchat-OvJWh0lX4",
    "text": "Can i give you an email?",
    "__v": 0,
    "confidence": 0.8409877419471741,
    "conversation_id": "205cfa338ec34f4f881f5720b491ec3d",
    "createdAt": "2021-09-08T11:05:23.356Z",
    "entities": [],
    "intent": "chitchat.i_need_help",
    "message_id": "7d4d43fe77db4837872ee3635b981280",
    "updatedAt": "2021-09-15T06:57:33.971Z"
  },
  {
    "env": "development",
    "language": "en",
    "projectId": "chitchat-OvJWh0lX4",
    "text": "What flavor of ice cream do you like?",
    "__v": 0,
    "confidence": 0.6402592658996582,
    "conversation_id": "205cfa338ec34f4f881f5720b491ec3d",
    "createdAt": "2021-09-08T11:04:34.642Z",
    "entities": [],
    "intent": "chitchat.i_need_help",
    "message_id": "d578fac3d4ae4522b733d8974d32eb4b",
    "updatedAt": "2021-09-10T09:58:42.362Z"
  },
  {
    "env": "development",
    "language": "en",
    "projectId": "chitchat-OvJWh0lX4",
    "text": "Boredom",
    "__v": 0,
    "confidence": 0.9997659921646118,
    "conversation_id": "6b5c159c70954cbcb1165314a01345b1",
    "createdAt": "2021-09-07T13:17:42.729Z",
    "entities": [],
    "intent": "chitchat.you_are_boring",
    "message_id": "84e4e4c09d274eabb7c883b4e52b0734",
    "updatedAt": "2021-09-09T04:19:38.412Z"
  },
  {
    "env": "development",
    "language": "en",
    "projectId": "chitchat-OvJWh0lX4",
    "text": "Check emails",
    "__v": 0,
    "confidence": 0.9992896914482117,
    "conversation_id": "e1463588f19c4461a90e016b7241ec36",
    "createdAt": "2021-09-07T13:24:08.400Z",
    "entities": [],
    "intent": "cyber.leak_database_check",
    "message_id": "485c34baad4f4806a95eb97452b762a6",
    "updatedAt": "2021-09-09T04:19:38.412Z"
  },
  {
    "env": "development",
    "language": "en",
    "projectId": "chitchat-OvJWh0lX4",
    "text": "Check email",
    "__v": 0,
    "confidence": 0.9992101192474365,
    "conversation_id": "e1463588f19c4461a90e016b7241ec36",
    "createdAt": "2021-09-07T13:24:23.693Z",
    "entities": [],
    "intent": "cyber.leak_database_check",
    "message_id": "b59601fd173443f9aae21bc188eb21e0",
    "updatedAt": "2021-09-09T04:19:38.411Z"
  },
  {
    "env": "development",
    "language": "en",
    "projectId": "chitchat-OvJWh0lX4",
    "text": "No",
    "__v": 0,
    "confidence": 0.996012270450592,
    "conversation_id": "3df90f5404e3448289205b3447c92258",
    "createdAt": "2021-09-07T14:44:01.860Z",
    "entities": [],
    "intent": "basics.no",
    "message_id": "2185dc671d874bdca1f6def6c0f3a014",
    "updatedAt": "2021-09-09T04:19:38.411Z"
  },
  {
    "env": "development",
    "language": "en",
    "projectId": "chitchat-OvJWh0lX4",
    "text": "Test",
    "__v": 0,
    "confidence": 0.37834835052490234,
    "conversation_id": "cbf7253317a747b384082e0c2780cc77",
    "createdAt": "2021-09-08T11:01:10.530Z",
    "entities": [],
    "intent": "chitchat.what_is_your_occupation",
    "message_id": "81938fcfdbbb49e3b307b99b59658fca",
    "updatedAt": "2021-09-08T12:37:33.741Z"
  },
  {
    "env": "development",
    "language": "en",
    "projectId": "chitchat-OvJWh0lX4",
    "text": "Hi",
    "__v": 0,
    "confidence": 0.9999779462814331,
    "conversation_id": "205cfa338ec34f4f881f5720b491ec3d",
    "createdAt": "2021-09-08T11:04:11.307Z",
    "entities": [],
    "intent": "chitchat.greet",
    "message_id": "74be2dc1c7784ddc9ac812e157e3ff13",
    "updatedAt": "2021-09-08T12:37:33.740Z"
  },
  {
    "env": "development",
    "language": "en",
    "projectId": "chitchat-OvJWh0lX4",
    "text": "Check",
    "__v": 0,
    "confidence": 0.9953132271766663,
    "conversation_id": "cbf7253317a747b384082e0c2780cc77",
    "createdAt": "2021-09-08T11:01:36.189Z",
    "entities": [],
    "intent": "cyber.leak_database_check",
    "message_id": "57591c62cec04a48aeb0070a9bac8b5f",
    "updatedAt": "2021-09-08T12:37:33.740Z"
  },
  {
    "env": "development",
    "language": "fr",
    "projectId": "chitchat-OvJWh0lX4",
    "text": "Hello",
    "__v": 0,
    "confidence": 0.999923825263977,
    "conversation_id": "8861ce0121174b9aaff837714f450c6d",
    "createdAt": "2021-09-04T07:47:34.482Z",
    "entities": [],
    "intent": "chitchat.greet",
    "message_id": "578b18cda5b64840bb22c52726546ee5",
    "updatedAt": "2021-09-04T07:47:34.523Z"
  },
  {
    "env": "development",
    "language": "fr",
    "projectId": "chitchat-OvJWh0lX4",
    "text": "check this leak",
    "__v": 0,
    "confidence": 0.9160758852958679,
    "conversation_id": "4618fd0929ab4ee08ce6923c01372110",
    "createdAt": "2021-09-04T07:46:21.575Z",
    "entities": [],
    "intent": "chitchat.you_are_pretty",
    "message_id": "fa11916e6865448e8fc643801e8f1fa6",
    "updatedAt": "2021-09-04T07:46:21.606Z"
  },
  {
    "env": "development",
    "language": "fr",
    "projectId": "chitchat-OvJWh0lX4",
    "text": "check",
    "__v": 0,
    "confidence": 0.9961380958557129,
    "conversation_id": "4618fd0929ab4ee08ce6923c01372110",
    "createdAt": "2021-09-04T07:46:16.483Z",
    "entities": [],
    "intent": "chitchat.insults",
    "message_id": "c10676421971466db5185c4b6461be7b",
    "updatedAt": "2021-09-04T07:46:16.518Z"
  },
  {
    "env": "development",
    "language": "fr",
    "projectId": "chitchat-OvJWh0lX4",
    "text": "How are you",
    "__v": 0,
    "confidence": 0.41741669178009033,
    "conversation_id": "4618fd0929ab4ee08ce6923c01372110",
    "createdAt": "2021-09-04T07:46:10.818Z",
    "entities": [],
    "intent": "chitchat.you_are_crazy",
    "message_id": "0e2e1cbf51f84e1f8be0de41392bcf60",
    "updatedAt": "2021-09-04T07:46:10.852Z"
  },
  {
    "env": "development",
    "language": "fr",
    "projectId": "chitchat-OvJWh0lX4",
    "text": "Hi",
    "__v": 0,
    "confidence": 0.9336277842521667,
    "conversation_id": "4618fd0929ab4ee08ce6923c01372110",
    "createdAt": "2021-09-04T07:46:07.944Z",
    "entities": [],
    "intent": "basics.time",
    "message_id": "55aa248e3a7d4c5e8017a236dd8ba86e",
    "updatedAt": "2021-09-04T07:46:07.978Z"
  }
]